Species,Year,Toxicant,Day,Tox_conc,Replicate,Fish_number,Length
Pimephales promelas,2018,Sulfate,34,18,1,1,20.69
Pimephales promelas,2018,Sulfate,34,18,1,2,22.46
Pimephales promelas,2018,Sulfate,34,18,1,3,20.01
Pimephales promelas,2018,Sulfate,34,18,1,4,20.82
Pimephales promelas,2018,Sulfate,34,18,1,5,22.87
Pimephales promelas,2018,Sulfate,34,18,1,6,19.62
Pimephales promelas,2018,Sulfate,34,18,1,7,19.81
Pimephales promelas,2018,Sulfate,34,18,1,8,20.51
Pimephales promelas,2018,Sulfate,34,18,1,9,21.08
Pimephales promelas,2018,Sulfate,34,18,1,10,24.66
Pimephales promelas,2018,Sulfate,34,18,1,11,22.58
Pimephales promelas,2018,Sulfate,34,18,1,12,21.18
Pimephales promelas,2018,Sulfate,34,18,1,13,12.34
Pimephales promelas,2018,Sulfate,34,18,1,14,17.87
Pimephales promelas,2018,Sulfate,34,18,2,1,19.01
Pimephales promelas,2018,Sulfate,34,18,2,2,24.56
Pimephales promelas,2018,Sulfate,34,18,2,3,21.98
Pimephales promelas,2018,Sulfate,34,18,2,4,19.84
Pimephales promelas,2018,Sulfate,34,18,2,5,20.76
Pimephales promelas,2018,Sulfate,34,18,2,6,21.11
Pimephales promelas,2018,Sulfate,34,18,2,7,20.45
Pimephales promelas,2018,Sulfate,34,18,2,8,22.08
Pimephales promelas,2018,Sulfate,34,18,2,9,20.46
Pimephales promelas,2018,Sulfate,34,18,2,10,18.84
Pimephales promelas,2018,Sulfate,34,18,2,11,21.22
Pimephales promelas,2018,Sulfate,34,18,2,12,20.29
Pimephales promelas,2018,Sulfate,34,18,2,13,20.33
Pimephales promelas,2018,Sulfate,34,18,3,1,14.21
Pimephales promelas,2018,Sulfate,34,18,3,2,18.58
Pimephales promelas,2018,Sulfate,34,18,3,3,20.11
Pimephales promelas,2018,Sulfate,34,18,3,4,22.3
Pimephales promelas,2018,Sulfate,34,18,3,5,20.95
Pimephales promelas,2018,Sulfate,34,18,3,6,21.81
Pimephales promelas,2018,Sulfate,34,18,3,7,16.27
Pimephales promelas,2018,Sulfate,34,18,3,8,20.26
Pimephales promelas,2018,Sulfate,34,18,3,9,21.91
Pimephales promelas,2018,Sulfate,34,18,3,10,18.71
Pimephales promelas,2018,Sulfate,34,18,3,11,20.79
Pimephales promelas,2018,Sulfate,34,18,3,12,22.17
Pimephales promelas,2018,Sulfate,34,18,3,13,19.38
Pimephales promelas,2018,Sulfate,34,18,3,14,20.14
Pimephales promelas,2018,Sulfate,34,18,3,15,23.11
Pimephales promelas,2018,Sulfate,34,18,4,1,20.79
Pimephales promelas,2018,Sulfate,34,18,4,2,19.5
Pimephales promelas,2018,Sulfate,34,18,4,3,16.67
Pimephales promelas,2018,Sulfate,34,18,4,4,19.58
Pimephales promelas,2018,Sulfate,34,18,4,5,20.34
Pimephales promelas,2018,Sulfate,34,18,4,6,21.56
Pimephales promelas,2018,Sulfate,34,18,4,7,20.57
Pimephales promelas,2018,Sulfate,34,18,4,8,21.9
Pimephales promelas,2018,Sulfate,34,18,4,9,22.19
Pimephales promelas,2018,Sulfate,34,18,4,10,20.65
Pimephales promelas,2018,Sulfate,34,18,4,11,18.93
Pimephales promelas,2018,Sulfate,34,18,4,12,19.17
Pimephales promelas,2018,Sulfate,34,18,4,13,18.4
Pimephales promelas,2018,Sulfate,34,18,4,14,19.01
Pimephales promelas,2018,Sulfate,34,224,1,1,21.47
Pimephales promelas,2018,Sulfate,34,224,1,2,19.71
Pimephales promelas,2018,Sulfate,34,224,1,3,20.53
Pimephales promelas,2018,Sulfate,34,224,1,4,19.65
Pimephales promelas,2018,Sulfate,34,224,1,5,20.01
Pimephales promelas,2018,Sulfate,34,224,1,6,21
Pimephales promelas,2018,Sulfate,34,224,1,7,19.46
Pimephales promelas,2018,Sulfate,34,224,1,8,20.96
Pimephales promelas,2018,Sulfate,34,224,1,9,22.28
Pimephales promelas,2018,Sulfate,34,224,1,10,19.28
Pimephales promelas,2018,Sulfate,34,224,1,11,20.13
Pimephales promelas,2018,Sulfate,34,224,1,12,20.93
Pimephales promelas,2018,Sulfate,34,224,1,13,21.37
Pimephales promelas,2018,Sulfate,34,224,2,1,21.34
Pimephales promelas,2018,Sulfate,34,224,2,2,19.99
Pimephales promelas,2018,Sulfate,34,224,2,3,22.09
Pimephales promelas,2018,Sulfate,34,224,2,4,20.33
Pimephales promelas,2018,Sulfate,34,224,2,5,21.58
Pimephales promelas,2018,Sulfate,34,224,2,6,22.4
Pimephales promelas,2018,Sulfate,34,224,2,7,21.54
Pimephales promelas,2018,Sulfate,34,224,2,8,18.38
Pimephales promelas,2018,Sulfate,34,224,2,9,22.53
Pimephales promelas,2018,Sulfate,34,224,2,10,21.94
Pimephales promelas,2018,Sulfate,34,224,2,11,22.07
Pimephales promelas,2018,Sulfate,34,224,2,12,20.16
Pimephales promelas,2018,Sulfate,34,224,2,13,21.07
Pimephales promelas,2018,Sulfate,34,224,3,1,17.89
Pimephales promelas,2018,Sulfate,34,224,3,2,18.33
Pimephales promelas,2018,Sulfate,34,224,3,3,20.67
Pimephales promelas,2018,Sulfate,34,224,3,4,21.34
Pimephales promelas,2018,Sulfate,34,224,3,5,18.34
Pimephales promelas,2018,Sulfate,34,224,3,6,18.77
Pimephales promelas,2018,Sulfate,34,224,3,7,20.72
Pimephales promelas,2018,Sulfate,34,224,3,8,17.08
Pimephales promelas,2018,Sulfate,34,224,3,9,19.9
Pimephales promelas,2018,Sulfate,34,224,3,10,12.95
Pimephales promelas,2018,Sulfate,34,224,3,11,18.19
Pimephales promelas,2018,Sulfate,34,224,3,12,21
Pimephales promelas,2018,Sulfate,34,224,3,13,18.85
Pimephales promelas,2018,Sulfate,34,224,3,14,19.56
Pimephales promelas,2018,Sulfate,34,224,3,15,17.95
Pimephales promelas,2018,Sulfate,34,224,4,1,23.17
Pimephales promelas,2018,Sulfate,34,224,4,2,19.09
Pimephales promelas,2018,Sulfate,34,224,4,3,20.91
Pimephales promelas,2018,Sulfate,34,224,4,4,18.84
Pimephales promelas,2018,Sulfate,34,224,4,5,20.04
Pimephales promelas,2018,Sulfate,34,224,4,6,20.27
Pimephales promelas,2018,Sulfate,34,224,4,7,19.54
Pimephales promelas,2018,Sulfate,34,224,4,8,19.7
Pimephales promelas,2018,Sulfate,34,224,4,9,20.22
Pimephales promelas,2018,Sulfate,34,224,4,10,16.87
Pimephales promelas,2018,Sulfate,34,224,4,11,18.88
Pimephales promelas,2018,Sulfate,34,224,4,12,21.03
Pimephales promelas,2018,Sulfate,34,224,4,13,18.91
Pimephales promelas,2018,Sulfate,34,371,1,1,22.18
Pimephales promelas,2018,Sulfate,34,371,1,2,16.89
Pimephales promelas,2018,Sulfate,34,371,1,3,18.98
Pimephales promelas,2018,Sulfate,34,371,1,4,17.63
Pimephales promelas,2018,Sulfate,34,371,1,5,19.34
Pimephales promelas,2018,Sulfate,34,371,1,6,18.68
Pimephales promelas,2018,Sulfate,34,371,1,7,19.77
Pimephales promelas,2018,Sulfate,34,371,1,8,18.76
Pimephales promelas,2018,Sulfate,34,371,1,9,16.84
Pimephales promelas,2018,Sulfate,34,371,1,10,18.87
Pimephales promelas,2018,Sulfate,34,371,1,11,17.09
Pimephales promelas,2018,Sulfate,34,371,1,12,19.94
Pimephales promelas,2018,Sulfate,34,371,1,13,20.26
Pimephales promelas,2018,Sulfate,34,371,1,14,17.8
Pimephales promelas,2018,Sulfate,34,371,2,1,20.34
Pimephales promelas,2018,Sulfate,34,371,2,2,18.55
Pimephales promelas,2018,Sulfate,34,371,2,3,18.88
Pimephales promelas,2018,Sulfate,34,371,2,4,17.03
Pimephales promelas,2018,Sulfate,34,371,2,5,22.62
Pimephales promelas,2018,Sulfate,34,371,2,6,22.64
Pimephales promelas,2018,Sulfate,34,371,2,7,17.6
Pimephales promelas,2018,Sulfate,34,371,2,8,20.07
Pimephales promelas,2018,Sulfate,34,371,2,9,16.86
Pimephales promelas,2018,Sulfate,34,371,2,10,17.12
Pimephales promelas,2018,Sulfate,34,371,2,11,17.34
Pimephales promelas,2018,Sulfate,34,371,2,12,19.88
Pimephales promelas,2018,Sulfate,34,371,2,13,14.76
Pimephales promelas,2018,Sulfate,34,371,2,14,20.94
Pimephales promelas,2018,Sulfate,34,371,2,15,18.34
Pimephales promelas,2018,Sulfate,34,371,3,1,22.64
Pimephales promelas,2018,Sulfate,34,371,3,2,20.86
Pimephales promelas,2018,Sulfate,34,371,3,3,18.24
Pimephales promelas,2018,Sulfate,34,371,3,4,18.7
Pimephales promelas,2018,Sulfate,34,371,3,5,20.75
Pimephales promelas,2018,Sulfate,34,371,3,6,17.52
Pimephales promelas,2018,Sulfate,34,371,3,7,19.61
Pimephales promelas,2018,Sulfate,34,371,3,8,19.91
Pimephales promelas,2018,Sulfate,34,371,3,9,18.62
Pimephales promelas,2018,Sulfate,34,371,3,10,22.34
Pimephales promelas,2018,Sulfate,34,371,3,11,18.15
Pimephales promelas,2018,Sulfate,34,371,3,12,15.86
Pimephales promelas,2018,Sulfate,34,371,4,1,19.41
Pimephales promelas,2018,Sulfate,34,371,4,2,20.74
Pimephales promelas,2018,Sulfate,34,371,4,3,17.29
Pimephales promelas,2018,Sulfate,34,371,4,4,17.36
Pimephales promelas,2018,Sulfate,34,371,4,5,19.49
Pimephales promelas,2018,Sulfate,34,371,4,6,18.76
Pimephales promelas,2018,Sulfate,34,371,4,7,18.04
Pimephales promelas,2018,Sulfate,34,371,4,8,16.88
Pimephales promelas,2018,Sulfate,34,371,4,9,19.52
Pimephales promelas,2018,Sulfate,34,371,4,10,17.38
Pimephales promelas,2018,Sulfate,34,371,4,11,20.18
Pimephales promelas,2018,Sulfate,34,371,4,12,18.22
Pimephales promelas,2018,Sulfate,34,371,4,13,19.5
Pimephales promelas,2018,Sulfate,34,371,4,14,15.88
Pimephales promelas,2018,Sulfate,34,371,4,15,20.22
Pimephales promelas,2018,Sulfate,34,766,1,1,18.45
Pimephales promelas,2018,Sulfate,34,766,1,2,20.67
Pimephales promelas,2018,Sulfate,34,766,1,3,18.49
Pimephales promelas,2018,Sulfate,34,766,1,4,19.05
Pimephales promelas,2018,Sulfate,34,766,1,5,17.34
Pimephales promelas,2018,Sulfate,34,766,1,6,19.06
Pimephales promelas,2018,Sulfate,34,766,1,7,17.05
Pimephales promelas,2018,Sulfate,34,766,1,8,17.28
Pimephales promelas,2018,Sulfate,34,766,1,9,18.41
Pimephales promelas,2018,Sulfate,34,766,1,10,21.12
Pimephales promelas,2018,Sulfate,34,766,1,11,20.12
Pimephales promelas,2018,Sulfate,34,766,1,12,18.81
Pimephales promelas,2018,Sulfate,34,766,1,13,19.84
Pimephales promelas,2018,Sulfate,34,766,1,14,16.56
Pimephales promelas,2018,Sulfate,34,766,2,1,17.85
Pimephales promelas,2018,Sulfate,34,766,2,2,21.71
Pimephales promelas,2018,Sulfate,34,766,2,3,19.15
Pimephales promelas,2018,Sulfate,34,766,2,4,20.34
Pimephales promelas,2018,Sulfate,34,766,2,5,19.37
Pimephales promelas,2018,Sulfate,34,766,2,6,21.22
Pimephales promelas,2018,Sulfate,34,766,2,7,17.82
Pimephales promelas,2018,Sulfate,34,766,2,8,18.81
Pimephales promelas,2018,Sulfate,34,766,2,9,18.15
Pimephales promelas,2018,Sulfate,34,766,2,10,21.64
Pimephales promelas,2018,Sulfate,34,766,2,11,17.33
Pimephales promelas,2018,Sulfate,34,766,2,12,18.01
Pimephales promelas,2018,Sulfate,34,766,2,13,18.14
Pimephales promelas,2018,Sulfate,34,766,2,14,19.04
Pimephales promelas,2018,Sulfate,34,766,3,1,18.26
Pimephales promelas,2018,Sulfate,34,766,3,2,14.14
Pimephales promelas,2018,Sulfate,34,766,3,3,16.87
Pimephales promelas,2018,Sulfate,34,766,3,4,19.57
Pimephales promelas,2018,Sulfate,34,766,3,5,19.57
Pimephales promelas,2018,Sulfate,34,766,3,6,19.06
Pimephales promelas,2018,Sulfate,34,766,3,7,19.38
Pimephales promelas,2018,Sulfate,34,766,3,8,19.08
Pimephales promelas,2018,Sulfate,34,766,3,9,16.93
Pimephales promelas,2018,Sulfate,34,766,3,10,20.55
Pimephales promelas,2018,Sulfate,34,766,3,11,18.69
Pimephales promelas,2018,Sulfate,34,766,3,12,19.58
Pimephales promelas,2018,Sulfate,34,766,3,13,19.96
Pimephales promelas,2018,Sulfate,34,766,3,14,15.31
Pimephales promelas,2018,Sulfate,34,766,4,1,20.1
Pimephales promelas,2018,Sulfate,34,766,4,2,17.4
Pimephales promelas,2018,Sulfate,34,766,4,3,21.51
Pimephales promelas,2018,Sulfate,34,766,4,4,16.94
Pimephales promelas,2018,Sulfate,34,766,4,5,16.82
Pimephales promelas,2018,Sulfate,34,766,4,6,20.01
Pimephales promelas,2018,Sulfate,34,766,4,7,17.62
Pimephales promelas,2018,Sulfate,34,766,4,8,18.49
Pimephales promelas,2018,Sulfate,34,766,4,9,17.59
Pimephales promelas,2018,Sulfate,34,766,4,10,19.47
Pimephales promelas,2018,Sulfate,34,766,4,11,19.39
Pimephales promelas,2018,Sulfate,34,766,4,12,20.61
Pimephales promelas,2018,Sulfate,34,766,4,13,19.32
Pimephales promelas,2018,Sulfate,34,766,4,14,19.87
Pimephales promelas,2018,Sulfate,34,766,4,15,19.91
Pimephales promelas,2018,Sulfate,34,1567,1,1,20.37
Pimephales promelas,2018,Sulfate,34,1567,1,2,20.76
Pimephales promelas,2018,Sulfate,34,1567,1,3,21.21
Pimephales promelas,2018,Sulfate,34,1567,1,4,20.47
Pimephales promelas,2018,Sulfate,34,1567,1,5,19.69
Pimephales promelas,2018,Sulfate,34,1567,1,6,19.25
Pimephales promelas,2018,Sulfate,34,1567,1,7,20.52
Pimephales promelas,2018,Sulfate,34,1567,1,8,19.52
Pimephales promelas,2018,Sulfate,34,1567,1,9,17.6
Pimephales promelas,2018,Sulfate,34,1567,1,10,14.77
Pimephales promelas,2018,Sulfate,34,1567,2,1,21.06
Pimephales promelas,2018,Sulfate,34,1567,2,2,20.53
Pimephales promelas,2018,Sulfate,34,1567,2,3,21.48
Pimephales promelas,2018,Sulfate,34,1567,2,4,20.44
Pimephales promelas,2018,Sulfate,34,1567,2,5,17.77
Pimephales promelas,2018,Sulfate,34,1567,2,6,21.15
Pimephales promelas,2018,Sulfate,34,1567,2,7,22.57
Pimephales promelas,2018,Sulfate,34,1567,2,8,20.14
Pimephales promelas,2018,Sulfate,34,1567,2,9,22.16
Pimephales promelas,2018,Sulfate,34,1567,3,1,22.53
Pimephales promelas,2018,Sulfate,34,1567,3,2,22.81
Pimephales promelas,2018,Sulfate,34,1567,3,3,22.55
Pimephales promelas,2018,Sulfate,34,1567,3,4,12.56
Pimephales promelas,2018,Sulfate,34,1567,3,5,24.4
Pimephales promelas,2018,Sulfate,34,1567,3,6,22.49
Pimephales promelas,2018,Sulfate,34,1567,4,1,20.61
Pimephales promelas,2018,Sulfate,34,1567,4,2,24.26
Pimephales promelas,2018,Sulfate,34,1567,4,3,20.56
Pimephales promelas,2018,Sulfate,34,1567,4,4,16.02
Pimephales promelas,2018,Sulfate,34,1567,4,5,19.97
Pimephales promelas,2018,Sulfate,34,1567,4,6,23.75
Pimephales promelas,2018,Sulfate,34,1567,4,7,21.37
Pimephales promelas,2018,Sulfate,34,3032,1,1,21.44
Oncorhynchus mykiss,2018,Sulfate,55,19,1,1,40.4
Oncorhynchus mykiss,2018,Sulfate,55,19,1,2,48.05
Oncorhynchus mykiss,2018,Sulfate,55,19,1,3,50.82
Oncorhynchus mykiss,2018,Sulfate,55,19,1,4,44.28
Oncorhynchus mykiss,2018,Sulfate,55,19,1,5,43.95
Oncorhynchus mykiss,2018,Sulfate,55,19,1,6,44.55
Oncorhynchus mykiss,2018,Sulfate,55,19,1,7,43.3
Oncorhynchus mykiss,2018,Sulfate,55,19,1,8,44.94
Oncorhynchus mykiss,2018,Sulfate,55,19,1,9,50.91
Oncorhynchus mykiss,2018,Sulfate,55,19,1,10,49.32
Oncorhynchus mykiss,2018,Sulfate,55,19,1,11,47.78
Oncorhynchus mykiss,2018,Sulfate,55,19,1,12,41.71
Oncorhynchus mykiss,2018,Sulfate,55,19,1,13,47.04
Oncorhynchus mykiss,2018,Sulfate,55,19,1,14,40.14
Oncorhynchus mykiss,2018,Sulfate,55,19,1,15,49.5
Oncorhynchus mykiss,2018,Sulfate,55,19,2,1,44.78
Oncorhynchus mykiss,2018,Sulfate,55,19,2,2,41.93
Oncorhynchus mykiss,2018,Sulfate,55,19,2,3,39.27
Oncorhynchus mykiss,2018,Sulfate,55,19,2,4,46.06
Oncorhynchus mykiss,2018,Sulfate,55,19,2,5,48.61
Oncorhynchus mykiss,2018,Sulfate,55,19,2,6,46.74
Oncorhynchus mykiss,2018,Sulfate,55,19,2,7,46.12
Oncorhynchus mykiss,2018,Sulfate,55,19,2,8,47.13
Oncorhynchus mykiss,2018,Sulfate,55,19,2,9,40.59
Oncorhynchus mykiss,2018,Sulfate,55,19,2,10,49.57
Oncorhynchus mykiss,2018,Sulfate,55,19,2,11,42.11
Oncorhynchus mykiss,2018,Sulfate,55,19,2,12,36.24
Oncorhynchus mykiss,2018,Sulfate,55,19,2,13,43.72
Oncorhynchus mykiss,2018,Sulfate,55,19,2,14,48.93
Oncorhynchus mykiss,2018,Sulfate,55,19,2,15,39.55
Oncorhynchus mykiss,2018,Sulfate,55,19,3,1,37.03
Oncorhynchus mykiss,2018,Sulfate,55,19,3,2,48.79
Oncorhynchus mykiss,2018,Sulfate,55,19,3,3,50.3
Oncorhynchus mykiss,2018,Sulfate,55,19,3,4,47.19
Oncorhynchus mykiss,2018,Sulfate,55,19,3,5,46.31
Oncorhynchus mykiss,2018,Sulfate,55,19,3,6,39.8
Oncorhynchus mykiss,2018,Sulfate,55,19,3,7,49.19
Oncorhynchus mykiss,2018,Sulfate,55,19,3,8,45.82
Oncorhynchus mykiss,2018,Sulfate,55,19,3,9,46.73
Oncorhynchus mykiss,2018,Sulfate,55,19,3,10,46.66
Oncorhynchus mykiss,2018,Sulfate,55,19,3,11,49.05
Oncorhynchus mykiss,2018,Sulfate,55,19,3,12,47.78
Oncorhynchus mykiss,2018,Sulfate,55,19,3,13,42.99
Oncorhynchus mykiss,2018,Sulfate,55,19,3,14,44.78
Oncorhynchus mykiss,2018,Sulfate,55,19,3,15,42.43
Oncorhynchus mykiss,2018,Sulfate,55,19,4,1,45.51
Oncorhynchus mykiss,2018,Sulfate,55,19,4,2,42.58
Oncorhynchus mykiss,2018,Sulfate,55,19,4,3,43.86
Oncorhynchus mykiss,2018,Sulfate,55,19,4,4,42.96
Oncorhynchus mykiss,2018,Sulfate,55,19,4,5,45.93
Oncorhynchus mykiss,2018,Sulfate,55,19,4,6,47.12
Oncorhynchus mykiss,2018,Sulfate,55,19,4,7,48.76
Oncorhynchus mykiss,2018,Sulfate,55,19,4,8,45.36
Oncorhynchus mykiss,2018,Sulfate,55,19,4,9,51.37
Oncorhynchus mykiss,2018,Sulfate,55,19,4,10,46.8
Oncorhynchus mykiss,2018,Sulfate,55,19,4,11,43.69
Oncorhynchus mykiss,2018,Sulfate,55,19,4,12,49.63
Oncorhynchus mykiss,2018,Sulfate,55,19,4,13,47.85
Oncorhynchus mykiss,2018,Sulfate,55,210,1,1,46.19
Oncorhynchus mykiss,2018,Sulfate,55,210,1,2,48.91
Oncorhynchus mykiss,2018,Sulfate,55,210,1,3,45.56
Oncorhynchus mykiss,2018,Sulfate,55,210,1,4,45.54
Oncorhynchus mykiss,2018,Sulfate,55,210,1,5,44.95
Oncorhynchus mykiss,2018,Sulfate,55,210,1,6,48.68
Oncorhynchus mykiss,2018,Sulfate,55,210,1,7,45.63
Oncorhynchus mykiss,2018,Sulfate,55,210,1,8,50.53
Oncorhynchus mykiss,2018,Sulfate,55,210,1,9,44.33
Oncorhynchus mykiss,2018,Sulfate,55,210,1,10,43.98
Oncorhynchus mykiss,2018,Sulfate,55,210,1,11,49.81
Oncorhynchus mykiss,2018,Sulfate,55,210,1,12,47.01
Oncorhynchus mykiss,2018,Sulfate,55,210,1,13,48.52
Oncorhynchus mykiss,2018,Sulfate,55,210,1,14,46.55
Oncorhynchus mykiss,2018,Sulfate,55,210,2,1,48.39
Oncorhynchus mykiss,2018,Sulfate,55,210,2,2,39.26
Oncorhynchus mykiss,2018,Sulfate,55,210,2,3,48.57
Oncorhynchus mykiss,2018,Sulfate,55,210,2,4,46.22
Oncorhynchus mykiss,2018,Sulfate,55,210,2,5,45.14
Oncorhynchus mykiss,2018,Sulfate,55,210,2,6,48.53
Oncorhynchus mykiss,2018,Sulfate,55,210,2,7,42.37
Oncorhynchus mykiss,2018,Sulfate,55,210,2,8,45.43
Oncorhynchus mykiss,2018,Sulfate,55,210,2,9,49.33
Oncorhynchus mykiss,2018,Sulfate,55,210,2,10,43.36
Oncorhynchus mykiss,2018,Sulfate,55,210,2,11,44.17
Oncorhynchus mykiss,2018,Sulfate,55,210,2,12,44.89
Oncorhynchus mykiss,2018,Sulfate,55,210,2,13,47.27
Oncorhynchus mykiss,2018,Sulfate,55,210,2,14,40.82
Oncorhynchus mykiss,2018,Sulfate,55,210,2,15,46.03
Oncorhynchus mykiss,2018,Sulfate,55,210,3,1,45.92
Oncorhynchus mykiss,2018,Sulfate,55,210,3,2,44.78
Oncorhynchus mykiss,2018,Sulfate,55,210,3,3,42.75
Oncorhynchus mykiss,2018,Sulfate,55,210,3,4,50.92
Oncorhynchus mykiss,2018,Sulfate,55,210,3,5,46.67
Oncorhynchus mykiss,2018,Sulfate,55,210,3,6,46.22
Oncorhynchus mykiss,2018,Sulfate,55,210,3,7,48.07
Oncorhynchus mykiss,2018,Sulfate,55,210,3,8,53.56
Oncorhynchus mykiss,2018,Sulfate,55,210,3,9,52.32
Oncorhynchus mykiss,2018,Sulfate,55,210,3,10,47.51
Oncorhynchus mykiss,2018,Sulfate,55,210,3,11,46.01
Oncorhynchus mykiss,2018,Sulfate,55,210,4,1,47.94
Oncorhynchus mykiss,2018,Sulfate,55,210,4,2,45.12
Oncorhynchus mykiss,2018,Sulfate,55,210,4,3,46.98
Oncorhynchus mykiss,2018,Sulfate,55,210,4,4,43.95
Oncorhynchus mykiss,2018,Sulfate,55,210,4,5,49.55
Oncorhynchus mykiss,2018,Sulfate,55,210,4,6,45.63
Oncorhynchus mykiss,2018,Sulfate,55,210,4,7,47.33
Oncorhynchus mykiss,2018,Sulfate,55,210,4,8,45.86
Oncorhynchus mykiss,2018,Sulfate,55,210,4,9,40
Oncorhynchus mykiss,2018,Sulfate,55,210,4,10,44.98
Oncorhynchus mykiss,2018,Sulfate,55,210,4,11,48.17
Oncorhynchus mykiss,2018,Sulfate,55,210,4,12,44.12
Oncorhynchus mykiss,2018,Sulfate,55,210,4,13,45.72
Oncorhynchus mykiss,2018,Sulfate,55,419,1,1,44.82
Oncorhynchus mykiss,2018,Sulfate,55,419,1,2,46.55
Oncorhynchus mykiss,2018,Sulfate,55,419,1,3,44.72
Oncorhynchus mykiss,2018,Sulfate,55,419,1,4,47.71
Oncorhynchus mykiss,2018,Sulfate,55,419,1,5,46.41
Oncorhynchus mykiss,2018,Sulfate,55,419,1,6,43.17
Oncorhynchus mykiss,2018,Sulfate,55,419,1,7,50.51
Oncorhynchus mykiss,2018,Sulfate,55,419,1,8,40.68
Oncorhynchus mykiss,2018,Sulfate,55,419,1,9,45.34
Oncorhynchus mykiss,2018,Sulfate,55,419,1,10,46.11
Oncorhynchus mykiss,2018,Sulfate,55,419,1,11,44.74
Oncorhynchus mykiss,2018,Sulfate,55,419,1,12,40.99
Oncorhynchus mykiss,2018,Sulfate,55,419,1,13,39.78
Oncorhynchus mykiss,2018,Sulfate,55,419,1,14,45.92
Oncorhynchus mykiss,2018,Sulfate,55,419,1,15,49.58
Oncorhynchus mykiss,2018,Sulfate,55,419,2,1,43.94
Oncorhynchus mykiss,2018,Sulfate,55,419,2,2,48.71
Oncorhynchus mykiss,2018,Sulfate,55,419,2,3,52.07
Oncorhynchus mykiss,2018,Sulfate,55,419,2,4,46.32
Oncorhynchus mykiss,2018,Sulfate,55,419,2,5,47
Oncorhynchus mykiss,2018,Sulfate,55,419,2,6,46.01
Oncorhynchus mykiss,2018,Sulfate,55,419,2,7,47.03
Oncorhynchus mykiss,2018,Sulfate,55,419,2,8,44.54
Oncorhynchus mykiss,2018,Sulfate,55,419,2,9,48.81
Oncorhynchus mykiss,2018,Sulfate,55,419,2,10,48.21
Oncorhynchus mykiss,2018,Sulfate,55,419,2,11,44.38
Oncorhynchus mykiss,2018,Sulfate,55,419,2,12,48.01
Oncorhynchus mykiss,2018,Sulfate,55,419,2,13,42.52
Oncorhynchus mykiss,2018,Sulfate,55,419,3,1,44.25
Oncorhynchus mykiss,2018,Sulfate,55,419,3,2,51.49
Oncorhynchus mykiss,2018,Sulfate,55,419,3,3,49.49
Oncorhynchus mykiss,2018,Sulfate,55,419,3,4,44.94
Oncorhynchus mykiss,2018,Sulfate,55,419,3,5,46.49
Oncorhynchus mykiss,2018,Sulfate,55,419,3,6,39.46
Oncorhynchus mykiss,2018,Sulfate,55,419,3,7,47.72
Oncorhynchus mykiss,2018,Sulfate,55,419,3,8,51.34
Oncorhynchus mykiss,2018,Sulfate,55,419,3,9,50.85
Oncorhynchus mykiss,2018,Sulfate,55,419,3,10,40.92
Oncorhynchus mykiss,2018,Sulfate,55,419,3,11,48.06
Oncorhynchus mykiss,2018,Sulfate,55,419,3,12,45.55
Oncorhynchus mykiss,2018,Sulfate,55,419,3,13,44.25
Oncorhynchus mykiss,2018,Sulfate,55,419,4,1,49.93
Oncorhynchus mykiss,2018,Sulfate,55,419,4,2,46.99
Oncorhynchus mykiss,2018,Sulfate,55,419,4,3,46.7
Oncorhynchus mykiss,2018,Sulfate,55,419,4,4,46.18
Oncorhynchus mykiss,2018,Sulfate,55,419,4,5,47.35
Oncorhynchus mykiss,2018,Sulfate,55,419,4,6,48.82
Oncorhynchus mykiss,2018,Sulfate,55,419,4,7,42.85
Oncorhynchus mykiss,2018,Sulfate,55,419,4,8,45.3
Oncorhynchus mykiss,2018,Sulfate,55,419,4,9,48.71
Oncorhynchus mykiss,2018,Sulfate,55,419,4,10,45.66
Oncorhynchus mykiss,2018,Sulfate,55,419,4,11,42.75
Oncorhynchus mykiss,2018,Sulfate,55,419,4,12,47.14
Oncorhynchus mykiss,2018,Sulfate,55,781,1,1,48.57
Oncorhynchus mykiss,2018,Sulfate,55,781,1,2,46.39
Oncorhynchus mykiss,2018,Sulfate,55,781,1,3,45.36
Oncorhynchus mykiss,2018,Sulfate,55,781,1,4,44.59
Oncorhynchus mykiss,2018,Sulfate,55,781,1,5,45.52
Oncorhynchus mykiss,2018,Sulfate,55,781,1,6,49.97
Oncorhynchus mykiss,2018,Sulfate,55,781,1,7,49.74
Oncorhynchus mykiss,2018,Sulfate,55,781,1,8,45.76
Oncorhynchus mykiss,2018,Sulfate,55,781,1,9,46.06
Oncorhynchus mykiss,2018,Sulfate,55,781,1,10,50.41
Oncorhynchus mykiss,2018,Sulfate,55,781,1,11,49.48
Oncorhynchus mykiss,2018,Sulfate,55,781,2,1,43.99
Oncorhynchus mykiss,2018,Sulfate,55,781,2,2,42.43
Oncorhynchus mykiss,2018,Sulfate,55,781,2,3,51.91
Oncorhynchus mykiss,2018,Sulfate,55,781,2,4,43.71
Oncorhynchus mykiss,2018,Sulfate,55,781,2,5,48.01
Oncorhynchus mykiss,2018,Sulfate,55,781,2,6,48.95
Oncorhynchus mykiss,2018,Sulfate,55,781,2,7,47.12
Oncorhynchus mykiss,2018,Sulfate,55,781,2,8,48.11
Oncorhynchus mykiss,2018,Sulfate,55,781,2,9,45.04
Oncorhynchus mykiss,2018,Sulfate,55,781,2,10,48.74
Oncorhynchus mykiss,2018,Sulfate,55,781,2,11,48.67
Oncorhynchus mykiss,2018,Sulfate,55,781,2,12,44.23
Oncorhynchus mykiss,2018,Sulfate,55,781,3,1,45.18
Oncorhynchus mykiss,2018,Sulfate,55,781,3,2,49.42
Oncorhynchus mykiss,2018,Sulfate,55,781,3,3,45.34
Oncorhynchus mykiss,2018,Sulfate,55,781,3,4,44.03
Oncorhynchus mykiss,2018,Sulfate,55,781,3,5,49.26
Oncorhynchus mykiss,2018,Sulfate,55,781,3,6,48.45
Oncorhynchus mykiss,2018,Sulfate,55,781,3,7,49.72
Oncorhynchus mykiss,2018,Sulfate,55,781,3,8,47.63
Oncorhynchus mykiss,2018,Sulfate,55,781,3,9,52.16
Oncorhynchus mykiss,2018,Sulfate,55,781,3,10,46.98
Oncorhynchus mykiss,2018,Sulfate,55,781,3,11,46.04
Oncorhynchus mykiss,2018,Sulfate,55,781,3,12,45.19
Oncorhynchus mykiss,2018,Sulfate,55,781,3,13,38.51
Oncorhynchus mykiss,2018,Sulfate,55,781,4,1,48.03
Oncorhynchus mykiss,2018,Sulfate,55,781,4,2,43.43
Oncorhynchus mykiss,2018,Sulfate,55,781,4,3,47.43
Oncorhynchus mykiss,2018,Sulfate,55,781,4,4,48.46
Oncorhynchus mykiss,2018,Sulfate,55,781,4,5,45.62
Oncorhynchus mykiss,2018,Sulfate,55,781,4,6,44.08
Oncorhynchus mykiss,2018,Sulfate,55,781,4,7,47.71
Oncorhynchus mykiss,2018,Sulfate,55,781,4,8,40.46
Oncorhynchus mykiss,2018,Sulfate,55,781,4,9,43.23
Oncorhynchus mykiss,2018,Sulfate,55,781,4,10,43.12
Oncorhynchus mykiss,2018,Sulfate,55,781,4,11,44.4
Oncorhynchus mykiss,2018,Sulfate,55,781,4,12,44.36
Oncorhynchus mykiss,2018,Sulfate,55,781,4,13,39.98
Oncorhynchus mykiss,2018,Sulfate,55,781,4,14,48.93
Oncorhynchus mykiss,2018,Sulfate,55,781,4,15,44.92
Oncorhynchus mykiss,2018,Sulfate,55,1580,1,1,50.16
Oncorhynchus mykiss,2018,Sulfate,55,1580,1,2,51.41
Oncorhynchus mykiss,2018,Sulfate,55,1580,1,3,45.65
Oncorhynchus mykiss,2018,Sulfate,55,1580,1,4,47.27
Oncorhynchus mykiss,2018,Sulfate,55,1580,1,5,50.84
Oncorhynchus mykiss,2018,Sulfate,55,1580,1,6,49.15
Oncorhynchus mykiss,2018,Sulfate,55,1580,1,7,46.31
Oncorhynchus mykiss,2018,Sulfate,55,1580,1,8,52.08
Oncorhynchus mykiss,2018,Sulfate,55,1580,1,9,49.19
Oncorhynchus mykiss,2018,Sulfate,55,1580,1,10,49.24
Oncorhynchus mykiss,2018,Sulfate,55,1580,2,1,45.79
Oncorhynchus mykiss,2018,Sulfate,55,1580,2,2,48.35
Oncorhynchus mykiss,2018,Sulfate,55,1580,2,3,49.79
Oncorhynchus mykiss,2018,Sulfate,55,1580,2,4,45.18
Oncorhynchus mykiss,2018,Sulfate,55,1580,2,5,50.18
Oncorhynchus mykiss,2018,Sulfate,55,1580,2,6,49.58
Oncorhynchus mykiss,2018,Sulfate,55,1580,2,7,47.76
Oncorhynchus mykiss,2018,Sulfate,55,1580,2,8,49.86
Oncorhynchus mykiss,2018,Sulfate,55,1580,2,9,47.57
Oncorhynchus mykiss,2018,Sulfate,55,1580,2,10,49.05
Oncorhynchus mykiss,2018,Sulfate,55,1580,2,11,45.6
Oncorhynchus mykiss,2018,Sulfate,55,1580,2,12,38.7
Oncorhynchus mykiss,2018,Sulfate,55,1580,3,1,48.3
Oncorhynchus mykiss,2018,Sulfate,55,1580,3,2,47.78
Oncorhynchus mykiss,2018,Sulfate,55,1580,3,3,44.36
Oncorhynchus mykiss,2018,Sulfate,55,1580,3,4,49.12
Oncorhynchus mykiss,2018,Sulfate,55,1580,3,5,45.04
Oncorhynchus mykiss,2018,Sulfate,55,1580,3,6,41.11
Oncorhynchus mykiss,2018,Sulfate,55,1580,3,7,47.41
Oncorhynchus mykiss,2018,Sulfate,55,1580,3,8,48.42
Oncorhynchus mykiss,2018,Sulfate,55,1580,3,9,50.79
Oncorhynchus mykiss,2018,Sulfate,55,1580,3,10,42.31
Oncorhynchus mykiss,2018,Sulfate,55,1580,3,11,45.74
Oncorhynchus mykiss,2018,Sulfate,55,1580,3,12,43.88
Oncorhynchus mykiss,2018,Sulfate,55,1580,3,13,48.97
Oncorhynchus mykiss,2018,Sulfate,55,1580,3,14,47.06
Oncorhynchus mykiss,2018,Sulfate,55,1580,4,1,49.68
Oncorhynchus mykiss,2018,Sulfate,55,1580,4,2,47.64
Oncorhynchus mykiss,2018,Sulfate,55,1580,4,3,46.06
Oncorhynchus mykiss,2018,Sulfate,55,1580,4,4,44.04
Oncorhynchus mykiss,2018,Sulfate,55,1580,4,5,46.96
Oncorhynchus mykiss,2018,Sulfate,55,1580,4,6,45.53
Oncorhynchus mykiss,2018,Sulfate,55,1580,4,7,46.91
Oncorhynchus mykiss,2018,Sulfate,55,1580,4,8,47.95
Oncorhynchus mykiss,2018,Sulfate,55,1580,4,9,44.71
Oncorhynchus mykiss,2018,Sulfate,55,1580,4,10,48.18
Oncorhynchus mykiss,2018,Sulfate,55,1580,4,11,46.07
Oncorhynchus mykiss,2018,Sulfate,55,1580,4,12,49.22
Oncorhynchus mykiss,2018,Sulfate,55,1580,4,13,47.42
Oncorhynchus mykiss,2018,Sulfate,55,3240,1,1,44.68
Oncorhynchus mykiss,2018,Sulfate,55,3240,1,2,47.12
Oncorhynchus mykiss,2018,Sulfate,55,3240,1,3,52.61
Oncorhynchus mykiss,2018,Sulfate,55,3240,1,4,44.86
Oncorhynchus mykiss,2018,Sulfate,55,3240,1,5,42.74
Oncorhynchus mykiss,2018,Sulfate,55,3240,1,6,48.11
Oncorhynchus mykiss,2018,Sulfate,55,3240,1,7,41.5
Oncorhynchus mykiss,2018,Sulfate,55,3240,1,8,43.95
Oncorhynchus mykiss,2018,Sulfate,55,3240,1,9,43.69
Oncorhynchus mykiss,2018,Sulfate,55,3240,1,10,38.8
Oncorhynchus mykiss,2018,Sulfate,55,3240,1,11,34.43
Oncorhynchus mykiss,2018,Sulfate,55,3240,1,12,38.89
Oncorhynchus mykiss,2018,Sulfate,55,3240,1,13,42.66
Oncorhynchus mykiss,2018,Sulfate,55,3240,1,14,47.13
Oncorhynchus mykiss,2018,Sulfate,55,3240,2,1,47.01
Oncorhynchus mykiss,2018,Sulfate,55,3240,2,2,39.63
Oncorhynchus mykiss,2018,Sulfate,55,3240,2,3,41.55
Oncorhynchus mykiss,2018,Sulfate,55,3240,2,4,48.37
Oncorhynchus mykiss,2018,Sulfate,55,3240,2,5,43.34
Oncorhynchus mykiss,2018,Sulfate,55,3240,2,6,45.42
Oncorhynchus mykiss,2018,Sulfate,55,3240,2,7,41.47
Oncorhynchus mykiss,2018,Sulfate,55,3240,2,8,47.32
Oncorhynchus mykiss,2018,Sulfate,55,3240,2,9,48.01
Oncorhynchus mykiss,2018,Sulfate,55,3240,2,10,48.13
Oncorhynchus mykiss,2018,Sulfate,55,3240,2,11,44.24
Oncorhynchus mykiss,2018,Sulfate,55,3240,2,12,44.27
Oncorhynchus mykiss,2018,Sulfate,55,3240,2,13,44.12
Oncorhynchus mykiss,2018,Sulfate,55,3240,2,14,43.17
Oncorhynchus mykiss,2018,Sulfate,55,3240,3,1,44.15
Oncorhynchus mykiss,2018,Sulfate,55,3240,3,2,42.73
Oncorhynchus mykiss,2018,Sulfate,55,3240,3,3,48.94
Oncorhynchus mykiss,2018,Sulfate,55,3240,3,4,49.97
Oncorhynchus mykiss,2018,Sulfate,55,3240,3,5,44.73
Oncorhynchus mykiss,2018,Sulfate,55,3240,3,6,43.36
Oncorhynchus mykiss,2018,Sulfate,55,3240,3,7,44.79
Oncorhynchus mykiss,2018,Sulfate,55,3240,3,8,41.74
Oncorhynchus mykiss,2018,Sulfate,55,3240,3,9,49
Oncorhynchus mykiss,2018,Sulfate,55,3240,3,10,46.74
Oncorhynchus mykiss,2018,Sulfate,55,3240,3,11,46.09
Oncorhynchus mykiss,2018,Sulfate,55,3240,3,12,48.22
Oncorhynchus mykiss,2018,Sulfate,55,3240,3,13,51.43
Oncorhynchus mykiss,2018,Sulfate,55,3240,4,1,41.83
Oncorhynchus mykiss,2018,Sulfate,55,3240,4,2,46.35
Oncorhynchus mykiss,2018,Sulfate,55,3240,4,3,46.14
Oncorhynchus mykiss,2018,Sulfate,55,3240,4,4,44.13
Oncorhynchus mykiss,2018,Sulfate,55,3240,4,5,50.17
Oncorhynchus mykiss,2018,Sulfate,55,3240,4,6,48.44
Oncorhynchus mykiss,2018,Sulfate,55,3240,4,7,39.97
Oncorhynchus mykiss,2018,Sulfate,55,3240,4,8,44.51
Oncorhynchus mykiss,2018,Sulfate,55,3240,4,9,43.56
Oncorhynchus mykiss,2018,Sulfate,55,3240,4,10,49.19
Oncorhynchus mykiss,2018,Sulfate,55,3240,4,11,51.66
Oncorhynchus mykiss,2018,Sulfate,55,3240,4,12,43.22
Oncorhynchus mykiss,2018,Sulfate,55,3240,4,13,47.28
Oncorhynchus mykiss,2018,Sulfate,55,3240,4,14,42.74
Oncorhynchus mykiss,2016,Nitrate,42,1.5,1,1,33.2
Oncorhynchus mykiss,2016,Nitrate,42,1.5,1,2,41.03
Oncorhynchus mykiss,2016,Nitrate,42,1.5,1,3,39.85
Oncorhynchus mykiss,2016,Nitrate,42,1.5,1,4,40.8
Oncorhynchus mykiss,2016,Nitrate,42,1.5,1,5,41.22
Oncorhynchus mykiss,2016,Nitrate,42,1.5,1,6,40.66
Oncorhynchus mykiss,2016,Nitrate,42,1.5,1,7,39
Oncorhynchus mykiss,2016,Nitrate,42,1.5,1,8,42.61
Oncorhynchus mykiss,2016,Nitrate,42,1.5,1,9,41.13
Oncorhynchus mykiss,2016,Nitrate,42,1.5,1,10,41.62
Oncorhynchus mykiss,2016,Nitrate,42,1.5,2,1,36.87
Oncorhynchus mykiss,2016,Nitrate,42,1.5,2,2,38.61
Oncorhynchus mykiss,2016,Nitrate,42,1.5,2,3,39.37
Oncorhynchus mykiss,2016,Nitrate,42,1.5,2,4,42.32
Oncorhynchus mykiss,2016,Nitrate,42,1.5,2,5,39.68
Oncorhynchus mykiss,2016,Nitrate,42,1.5,2,6,39.28
Oncorhynchus mykiss,2016,Nitrate,42,1.5,2,7,41.81
Oncorhynchus mykiss,2016,Nitrate,42,1.5,2,8,45.19
Oncorhynchus mykiss,2016,Nitrate,42,1.5,2,9,39.84
Oncorhynchus mykiss,2016,Nitrate,42,1.5,2,10,43.41
Oncorhynchus mykiss,2016,Nitrate,42,1.5,3,1,38.75
Oncorhynchus mykiss,2016,Nitrate,42,1.5,3,2,37.72
Oncorhynchus mykiss,2016,Nitrate,42,1.5,3,3,41.42
Oncorhynchus mykiss,2016,Nitrate,42,1.5,3,4,41.43
Oncorhynchus mykiss,2016,Nitrate,42,1.5,3,5,43.57
Oncorhynchus mykiss,2016,Nitrate,42,1.5,3,6,39.91
Oncorhynchus mykiss,2016,Nitrate,42,1.5,3,7,40.89
Oncorhynchus mykiss,2016,Nitrate,42,1.5,3,8,43.12
Oncorhynchus mykiss,2016,Nitrate,42,1.5,3,9,39.7
Oncorhynchus mykiss,2016,Nitrate,42,1.5,3,10,38.96
Oncorhynchus mykiss,2016,Nitrate,42,1.5,4,1,38.65
Oncorhynchus mykiss,2016,Nitrate,42,1.5,4,2,39.11
Oncorhynchus mykiss,2016,Nitrate,42,1.5,4,3,40.92
Oncorhynchus mykiss,2016,Nitrate,42,1.5,4,4,43.43
Oncorhynchus mykiss,2016,Nitrate,42,1.5,4,5,43.45
Oncorhynchus mykiss,2016,Nitrate,42,1.5,4,6,35.5
Oncorhynchus mykiss,2016,Nitrate,42,1.5,4,7,39.59
Oncorhynchus mykiss,2016,Nitrate,42,1.5,4,8,40.53
Oncorhynchus mykiss,2016,Nitrate,42,1.5,4,9,44.47
Oncorhynchus mykiss,2016,Nitrate,42,1.5,4,10,40.82
Oncorhynchus mykiss,2016,Nitrate,42,9.8,1,1,41.7
Oncorhynchus mykiss,2016,Nitrate,42,9.8,1,2,39.85
Oncorhynchus mykiss,2016,Nitrate,42,9.8,1,3,39.64
Oncorhynchus mykiss,2016,Nitrate,42,9.8,1,4,40.26
Oncorhynchus mykiss,2016,Nitrate,42,9.8,1,5,37.09
Oncorhynchus mykiss,2016,Nitrate,42,9.8,1,6,42.46
Oncorhynchus mykiss,2016,Nitrate,42,9.8,1,7,42.19
Oncorhynchus mykiss,2016,Nitrate,42,9.8,1,8,42.11
Oncorhynchus mykiss,2016,Nitrate,42,9.8,1,9,42.02
Oncorhynchus mykiss,2016,Nitrate,42,9.8,1,10,38.37
Oncorhynchus mykiss,2016,Nitrate,42,9.8,2,1,40.36
Oncorhynchus mykiss,2016,Nitrate,42,9.8,2,2,39.45
Oncorhynchus mykiss,2016,Nitrate,42,9.8,2,3,41.02
Oncorhynchus mykiss,2016,Nitrate,42,9.8,2,4,40.78
Oncorhynchus mykiss,2016,Nitrate,42,9.8,2,5,39.52
Oncorhynchus mykiss,2016,Nitrate,42,9.8,2,6,43.74
Oncorhynchus mykiss,2016,Nitrate,42,9.8,2,7,42.41
Oncorhynchus mykiss,2016,Nitrate,42,9.8,2,8,39.57
Oncorhynchus mykiss,2016,Nitrate,42,9.8,2,9,40.96
Oncorhynchus mykiss,2016,Nitrate,42,9.8,2,10,42.49
Oncorhynchus mykiss,2016,Nitrate,42,9.8,3,1,38.75
Oncorhynchus mykiss,2016,Nitrate,42,9.8,3,2,36.12
Oncorhynchus mykiss,2016,Nitrate,42,9.8,3,3,38.45
Oncorhynchus mykiss,2016,Nitrate,42,9.8,3,4,42.29
Oncorhynchus mykiss,2016,Nitrate,42,9.8,3,5,42.26
Oncorhynchus mykiss,2016,Nitrate,42,9.8,3,6,37.36
Oncorhynchus mykiss,2016,Nitrate,42,9.8,3,7,43.84
Oncorhynchus mykiss,2016,Nitrate,42,9.8,3,8,42.33
Oncorhynchus mykiss,2016,Nitrate,42,9.8,3,9,42.37
Oncorhynchus mykiss,2016,Nitrate,42,9.8,3,10,40.02
Oncorhynchus mykiss,2016,Nitrate,42,9.8,4,1,39.98
Oncorhynchus mykiss,2016,Nitrate,42,9.8,4,2,42.39
Oncorhynchus mykiss,2016,Nitrate,42,9.8,4,3,39.31
Oncorhynchus mykiss,2016,Nitrate,42,9.8,4,4,40.49
Oncorhynchus mykiss,2016,Nitrate,42,9.8,4,5,35.15
Oncorhynchus mykiss,2016,Nitrate,42,9.8,4,6,43.52
Oncorhynchus mykiss,2016,Nitrate,42,9.8,4,7,41.73
Oncorhynchus mykiss,2016,Nitrate,42,9.8,4,8,45.79
Oncorhynchus mykiss,2016,Nitrate,42,9.8,4,9,36.13
Oncorhynchus mykiss,2016,Nitrate,42,9.8,4,10,41.43
Oncorhynchus mykiss,2016,Nitrate,42,20.7,1,1,39.56
Oncorhynchus mykiss,2016,Nitrate,42,20.7,1,2,40.5
Oncorhynchus mykiss,2016,Nitrate,42,20.7,1,3,36.37
Oncorhynchus mykiss,2016,Nitrate,42,20.7,1,4,31.34
Oncorhynchus mykiss,2016,Nitrate,42,20.7,1,5,34.81
Oncorhynchus mykiss,2016,Nitrate,42,20.7,1,6,42.96
Oncorhynchus mykiss,2016,Nitrate,42,20.7,1,7,34.74
Oncorhynchus mykiss,2016,Nitrate,42,20.7,1,8,41.24
Oncorhynchus mykiss,2016,Nitrate,42,20.7,1,9,41.25
Oncorhynchus mykiss,2016,Nitrate,42,20.7,1,10,39.02
Oncorhynchus mykiss,2016,Nitrate,42,20.7,2,1,39.98
Oncorhynchus mykiss,2016,Nitrate,42,20.7,2,2,39.86
Oncorhynchus mykiss,2016,Nitrate,42,20.7,2,3,39.82
Oncorhynchus mykiss,2016,Nitrate,42,20.7,2,4,40.42
Oncorhynchus mykiss,2016,Nitrate,42,20.7,2,5,40.23
Oncorhynchus mykiss,2016,Nitrate,42,20.7,2,6,42.82
Oncorhynchus mykiss,2016,Nitrate,42,20.7,2,7,39.75
Oncorhynchus mykiss,2016,Nitrate,42,20.7,2,8,39.37
Oncorhynchus mykiss,2016,Nitrate,42,20.7,2,9,38.33
Oncorhynchus mykiss,2016,Nitrate,42,20.7,2,10,43
Oncorhynchus mykiss,2016,Nitrate,42,20.7,3,1,35.86
Oncorhynchus mykiss,2016,Nitrate,42,20.7,3,2,32.97
Oncorhynchus mykiss,2016,Nitrate,42,20.7,3,3,42.08
Oncorhynchus mykiss,2016,Nitrate,42,20.7,3,4,39.4
Oncorhynchus mykiss,2016,Nitrate,42,20.7,3,5,40.03
Oncorhynchus mykiss,2016,Nitrate,42,20.7,3,6,40.41
Oncorhynchus mykiss,2016,Nitrate,42,20.7,3,7,40.4
Oncorhynchus mykiss,2016,Nitrate,42,20.7,3,8,37.11
Oncorhynchus mykiss,2016,Nitrate,42,20.7,3,9,39.98
Oncorhynchus mykiss,2016,Nitrate,42,20.7,3,10,42.07
Oncorhynchus mykiss,2016,Nitrate,42,20.7,4,1,40.04
Oncorhynchus mykiss,2016,Nitrate,42,20.7,4,2,40.09
Oncorhynchus mykiss,2016,Nitrate,42,20.7,4,3,42.8
Oncorhynchus mykiss,2016,Nitrate,42,20.7,4,4,41.35
Oncorhynchus mykiss,2016,Nitrate,42,20.7,4,5,41.9
Oncorhynchus mykiss,2016,Nitrate,42,20.7,4,6,40.57
Oncorhynchus mykiss,2016,Nitrate,42,20.7,4,7,37.21
Oncorhynchus mykiss,2016,Nitrate,42,20.7,4,8,39.07
Oncorhynchus mykiss,2016,Nitrate,42,20.7,4,9,40.66
Oncorhynchus mykiss,2016,Nitrate,42,20.7,4,10,40.44
Oncorhynchus mykiss,2016,Nitrate,42,40.2,1,1,40.14
Oncorhynchus mykiss,2016,Nitrate,42,40.2,1,2,42.25
Oncorhynchus mykiss,2016,Nitrate,42,40.2,1,3,40.92
Oncorhynchus mykiss,2016,Nitrate,42,40.2,1,4,36.38
Oncorhynchus mykiss,2016,Nitrate,42,40.2,1,5,35.19
Oncorhynchus mykiss,2016,Nitrate,42,40.2,1,6,37.59
Oncorhynchus mykiss,2016,Nitrate,42,40.2,1,7,40.27
Oncorhynchus mykiss,2016,Nitrate,42,40.2,1,8,40.05
Oncorhynchus mykiss,2016,Nitrate,42,40.2,1,9,41.51
Oncorhynchus mykiss,2016,Nitrate,42,40.2,1,10,34.49
Oncorhynchus mykiss,2016,Nitrate,42,40.2,2,1,39.91
Oncorhynchus mykiss,2016,Nitrate,42,40.2,2,2,38.81
Oncorhynchus mykiss,2016,Nitrate,42,40.2,2,3,41.39
Oncorhynchus mykiss,2016,Nitrate,42,40.2,2,4,38.55
Oncorhynchus mykiss,2016,Nitrate,42,40.2,2,5,41.07
Oncorhynchus mykiss,2016,Nitrate,42,40.2,2,6,37.68
Oncorhynchus mykiss,2016,Nitrate,42,40.2,2,7,41.79
Oncorhynchus mykiss,2016,Nitrate,42,40.2,2,8,41.43
Oncorhynchus mykiss,2016,Nitrate,42,40.2,2,9,39.54
Oncorhynchus mykiss,2016,Nitrate,42,40.2,2,10,42.6
Oncorhynchus mykiss,2016,Nitrate,42,40.2,3,1,37.81
Oncorhynchus mykiss,2016,Nitrate,42,40.2,3,2,36.53
Oncorhynchus mykiss,2016,Nitrate,42,40.2,3,3,40.9
Oncorhynchus mykiss,2016,Nitrate,42,40.2,3,4,40.55
Oncorhynchus mykiss,2016,Nitrate,42,40.2,3,5,38.9
Oncorhynchus mykiss,2016,Nitrate,42,40.2,3,6,38.01
Oncorhynchus mykiss,2016,Nitrate,42,40.2,3,7,40.94
Oncorhynchus mykiss,2016,Nitrate,42,40.2,3,8,38.99
Oncorhynchus mykiss,2016,Nitrate,42,40.2,3,9,43.04
Oncorhynchus mykiss,2016,Nitrate,42,40.2,3,10,38.34
Oncorhynchus mykiss,2016,Nitrate,42,40.2,4,1,38.91
Oncorhynchus mykiss,2016,Nitrate,42,40.2,4,2,40.5
Oncorhynchus mykiss,2016,Nitrate,42,40.2,4,3,39.11
Oncorhynchus mykiss,2016,Nitrate,42,40.2,4,4,43.24
Oncorhynchus mykiss,2016,Nitrate,42,40.2,4,5,40.98
Oncorhynchus mykiss,2016,Nitrate,42,40.2,4,6,40.06
Oncorhynchus mykiss,2016,Nitrate,42,40.2,4,7,40.4
Oncorhynchus mykiss,2016,Nitrate,42,40.2,4,8,38.76
Oncorhynchus mykiss,2016,Nitrate,42,40.2,4,9,41.48
Oncorhynchus mykiss,2016,Nitrate,42,40.2,4,10,42.21
Oncorhynchus mykiss,2016,Nitrate,42,82,1,1,41.28
Oncorhynchus mykiss,2016,Nitrate,42,82,1,2,28.43
Oncorhynchus mykiss,2016,Nitrate,42,82,1,3,38.91
Oncorhynchus mykiss,2016,Nitrate,42,82,1,4,43.74
Oncorhynchus mykiss,2016,Nitrate,42,82,1,5,41.66
Oncorhynchus mykiss,2016,Nitrate,42,82,1,6,38.72
Oncorhynchus mykiss,2016,Nitrate,42,82,1,7,41.8
Oncorhynchus mykiss,2016,Nitrate,42,82,1,8,35.36
Oncorhynchus mykiss,2016,Nitrate,42,82,1,9,35.32
Oncorhynchus mykiss,2016,Nitrate,42,82,1,10,37.73
Oncorhynchus mykiss,2016,Nitrate,42,82,2,1,41.49
Oncorhynchus mykiss,2016,Nitrate,42,82,2,2,39.23
Oncorhynchus mykiss,2016,Nitrate,42,82,2,3,40.12
Oncorhynchus mykiss,2016,Nitrate,42,82,2,4,42.8
Oncorhynchus mykiss,2016,Nitrate,42,82,2,5,42.52
Oncorhynchus mykiss,2016,Nitrate,42,82,2,6,37.04
Oncorhynchus mykiss,2016,Nitrate,42,82,2,7,38.06
Oncorhynchus mykiss,2016,Nitrate,42,82,2,8,39.72
Oncorhynchus mykiss,2016,Nitrate,42,82,2,9,37.93
Oncorhynchus mykiss,2016,Nitrate,42,82,2,10,43.11
Oncorhynchus mykiss,2016,Nitrate,42,82,3,1,32.97
Oncorhynchus mykiss,2016,Nitrate,42,82,3,2,41.97
Oncorhynchus mykiss,2016,Nitrate,42,82,3,3,42.75
Oncorhynchus mykiss,2016,Nitrate,42,82,3,4,41.16
Oncorhynchus mykiss,2016,Nitrate,42,82,3,5,43.87
Oncorhynchus mykiss,2016,Nitrate,42,82,3,6,40.17
Oncorhynchus mykiss,2016,Nitrate,42,82,3,7,38.44
Oncorhynchus mykiss,2016,Nitrate,42,82,3,8,40.83
Oncorhynchus mykiss,2016,Nitrate,42,82,3,9,39.31
Oncorhynchus mykiss,2016,Nitrate,42,82,3,10,42.97
Oncorhynchus mykiss,2016,Nitrate,42,82,4,1,40.7
Oncorhynchus mykiss,2016,Nitrate,42,82,4,2,36.24
Oncorhynchus mykiss,2016,Nitrate,42,82,4,3,36.92
Oncorhynchus mykiss,2016,Nitrate,42,82,4,4,40.91
Oncorhynchus mykiss,2016,Nitrate,42,82,4,5,38.25
Oncorhynchus mykiss,2016,Nitrate,42,82,4,6,42.74
Oncorhynchus mykiss,2016,Nitrate,42,82,4,7,43.01
Oncorhynchus mykiss,2016,Nitrate,42,82,4,8,41.02
Oncorhynchus mykiss,2016,Nitrate,42,82,4,9,34.8
Oncorhynchus mykiss,2016,Nitrate,42,82,4,10,41.16
Oncorhynchus mykiss,2016,Nitrate,42,166.3,1,1,42.08
Oncorhynchus mykiss,2016,Nitrate,42,166.3,1,2,39.97
Oncorhynchus mykiss,2016,Nitrate,42,166.3,1,3,39.7
Oncorhynchus mykiss,2016,Nitrate,42,166.3,1,4,27.67
Oncorhynchus mykiss,2016,Nitrate,42,166.3,1,5,39.22
Oncorhynchus mykiss,2016,Nitrate,42,166.3,1,6,44.23
Oncorhynchus mykiss,2016,Nitrate,42,166.3,1,7,39.7
Oncorhynchus mykiss,2016,Nitrate,42,166.3,1,8,41.32
Oncorhynchus mykiss,2016,Nitrate,42,166.3,1,9,39.04
Oncorhynchus mykiss,2016,Nitrate,42,166.3,1,10,38.61
Oncorhynchus mykiss,2016,Nitrate,42,166.3,2,1,38.97
Oncorhynchus mykiss,2016,Nitrate,42,166.3,2,2,37.06
Oncorhynchus mykiss,2016,Nitrate,42,166.3,2,3,36.73
Oncorhynchus mykiss,2016,Nitrate,42,166.3,2,4,38.87
Oncorhynchus mykiss,2016,Nitrate,42,166.3,2,5,43.28
Oncorhynchus mykiss,2016,Nitrate,42,166.3,2,6,39.21
Oncorhynchus mykiss,2016,Nitrate,42,166.3,2,7,39.14
Oncorhynchus mykiss,2016,Nitrate,42,166.3,2,8,43.77
Oncorhynchus mykiss,2016,Nitrate,42,166.3,2,9,39.03
Oncorhynchus mykiss,2016,Nitrate,42,166.3,2,10,39.22
Oncorhynchus mykiss,2016,Nitrate,42,166.3,3,1,38.74
Oncorhynchus mykiss,2016,Nitrate,42,166.3,3,2,38.06
Oncorhynchus mykiss,2016,Nitrate,42,166.3,3,3,40.92
Oncorhynchus mykiss,2016,Nitrate,42,166.3,3,4,38.22
Oncorhynchus mykiss,2016,Nitrate,42,166.3,3,5,40.49
Oncorhynchus mykiss,2016,Nitrate,42,166.3,3,6,46.67
Oncorhynchus mykiss,2016,Nitrate,42,166.3,3,7,38.76
Oncorhynchus mykiss,2016,Nitrate,42,166.3,3,8,40.37
Oncorhynchus mykiss,2016,Nitrate,42,166.3,3,9,41.91
Oncorhynchus mykiss,2016,Nitrate,42,166.3,3,10,37.79
Oncorhynchus mykiss,2016,Nitrate,42,166.3,4,1,37.38
Oncorhynchus mykiss,2016,Nitrate,42,166.3,4,2,42.77
Oncorhynchus mykiss,2016,Nitrate,42,166.3,4,3,40.03
Oncorhynchus mykiss,2016,Nitrate,42,166.3,4,4,37.53
Oncorhynchus mykiss,2016,Nitrate,42,166.3,4,5,40.8
Oncorhynchus mykiss,2016,Nitrate,42,166.3,4,6,41.96
Oncorhynchus mykiss,2016,Nitrate,42,166.3,4,7,29.72
Oncorhynchus mykiss,2016,Nitrate,42,166.3,4,8,38.38
Oncorhynchus mykiss,2016,Nitrate,42,166.3,4,9,40.18
Oncorhynchus mykiss,2016,Nitrate,42,166.3,4,10,39.67